,Generated Text,Actual Text
0, paris fashion week paris tower for music at cannes,garland named global makeup director for or al paris 
1, ronaldo scores as real madrid win in real madrid win,ronaldo hits brace as real win in ucl man city win 
2, raj to host new film on the birth anniversary,us theatres screen film in protest against trump 
3, bjp alliance is fire that killed people rahul gandhi,opportunistic bjp pdp alliance set fire to rahul gandhi 
4, sa sa player dies after being hit by an minutes for his th time,player falls mid rally picks racquet to play with wrong hand 
5, bcci shares up after bcci first ever icc team,bcci loses both revenue and governance votes at icc meet 
6, nasa probe on space like humans to be made in space,nasa demonstrates space navigation using rays for st time 
7, india data breach data breach facebook india md,will move all old data to india in months xiaomi india md 
8, shah rukh khan to make song from srk film on film report,srk to recreate yeh kaali kaali aankhen in zero reports 
9, us will get first to get first state of years trump,migrants to not get welfare for first five years in us 
10, india trade trade hits billion in,india trade deficit hits month high of bn in may 
11, pm modi is india most powerful people us president trump,us prez trump hails pm modi for bringing india together 
12, we are not the first time in years chairman,am compelled to apologise for first time in yr career chandra 
13, trump calls putin house for not putin putin reports,house gop leader suggested putin was paying trump reports 
14, delhi to get its own driving test service,driving license tests to be video recorded in delhi 
15, pnb scam is not an india cannot be allowed to be in india choksi,my health is poor cannot take hour flight to india mehul choksi 
16, ceo fined for crore over fined crore for fraud,barclays ceo fined cr for trying to identify whistleblower 
17, us judge slams yr old for sexual assault on us,sexual assault victim flattered by attention canadian judge 
18, nasa to moon moon may be the first ever moon,nasa to fund robot missions to comet saturn moon 
19, aus players ask indian cricket team to promote match,unemployed aus cricketers seeking endorsement deals in india 
20, gst price cut by petrol diesel by fuel prices at,indian oil firms stop taking per litre hit on petrol diesel 
21, alibaba to be world most fake news by fake news,us puts alibaba on blacklist for nd year in row 
22, data breach to be made from the way to the moon study,scientists solve mystery of unexplained bright nights 
23, ex england cricketer accuses former us captain of stealing,ashley appointed england director of cricket 
24, flipkart may be in flipkart as flipkart binny report,flipkart snapdeal buyout said to benefit tiger global more 
25, google launches app to prevent earth backed app in us,google high altitude internet balloon crashes in kenya 
26, musk says it is not being used for us over funding,elon musk experts call for ban on robot killers 
27, am not happy to do so much about my life taapsee on taapsee,love doing something which is not expected taapsee pannu 
28, pm modi govt parliament parliament parliament parliament,modi govt sabotaging winter session of parliament sonia 
29, women have not been women in metoo sexual harassment alia,women offering themselves comment misquoted mukesh bhatt 
30, actress claims she was two two men from her car in mumbai,told to do squats on road by molesters bengali actress 
31, delhi govt asks schools to not give up private policy,delhi to set up panels to check private schools fee hike 
32, never never denies rumours of being nawazuddin on nawazuddin,nawazuddin responds to rumour of taapsee rejecting film with him 
33, mcdonald offers to host women wc match,burger king slammed for get pregnant by football stars ad 
34, dhoni tweets user on dhoni starrer dhoni tweets user,dhoni is cricket hrithik tweets user on his full split 
35, japan st to win its st ever olympic gold since,skater st in yrs to win back to back winter games golds 
36, jnu head says it is not leave for months in,bhu vice chancellor goes on indefinite leave 
37, cong leader calls rahul gandhi son to be pm modi,what was sardar patel father name jaitley post against cong 
38, kangana to stop her online from wearing online reports,pic of kangana ranaut in supergirl costume surfaces online 
39, google maps to let users be lets users be lets users in their own,google maps now recommends location based restaurants cafes 
40, china denies reports of india talks with pakistan,won mediate between india pakistan over kashmir china 
41, arrested for sexually abusing year old boy in hyderabad,tourists arrested for molesting two minor siblings in goa 
42, statue of statue of kolkata unveiled,russia unveils statue of ak inventor mikhail kalashnikov 
43, doctors found dead in hospital in delhi,man declared dead by hospital found alive before last rites 
44, women should not be allowed to stop women twinkle on women row,women should not make period reason to take leave twinkle 
45, nz man once won match award for man who named man in new zealand,all new zealand players were once awarded man of the match 
46, govt gst is gst cong pm modi on gst rate,upa govt decided to not include petroleum in gst pm modi 
47, india beat pakistan to win wc final final for years,india lost next odi times after beating desh in tournaments 
48, world longest km set world record by,over foot pizza breaks record for world longest 
49, man held for stealing from mumbai blasts man,year old man stabs men in mumbai court 
50, india to be largest japan in japan on terror threat,india us japan stage largest joint drills over threats 
51, scientists use ai to make way to make way to make it,artificial nerve system may lend prosthetics sense of touch 
52, bus bus bus into bus to stop bus after bus hits it in kerala,bus changes route rushes pregnant woman to kerala hospital 
53, kohli is the world best player sachin on his th birthday,wish you tons of success sachin wishes kohli on day 
54, police officer who stole drugs arrested,gang smuggling drugs to canada in held in jalandhar 
55, russia bans use of app for security system in us,russia bans telegram app over refusal to allow spying 
56, chinese man gets life in chinese body for days,chinese man puts up his anus to treat constipation 
57, we are not invest in foreign policy ceo on foreign policy,revised fdi policy to benefit both buyers sellers snapdeal ceo 
58, game of thrones actor salman to star in salman khan,indian lookalike of got tyrion to star in bharat reports 
59, congress wins congress chief justice from parliament,opposition parties submit impeachment motion against cji 
60, chinese firm to launch phone phone to prevent phone,huawei new phone mate pro can wirelessly charge other phones 
61, die in andhra pradesh andhra pradesh cm,cows die after feeding on pesticides in andhra village 
62, microsoft buys microsoft for billion,microsoft buys world largest coding platform github for bn 
63, wc winning player who killed people in anti protests in wc,fifa world cup saw pitch invasion attempts organisers 
64, google ai to build ai startup ai in ai of startups,google india invites startups for mentorship programme 
65, google parent backed alphabet raises million,leads mn funding in india finance 
66, actress slams man who asked him to get her film on twitter,spider man actors tom zendaya deny dating rumours 
67, ceo of firms who do not know how to do with startups ceo,freshdesk ceo responds to startup being called 
68, rahul gandhi shares his first picture from his th,rahul tweets picture with chhattisgarh cm contenders with quote 
69, kohli will be the only one of the chief ganguly says kohli,kohli has extended ganguly legacy ex australian team coach 
70, women die after falling from hospital in andhra pradesh,dead ill after getting antibiotic injections in andhra 
71, govt should not let our security forces in kashmir leader,carpet bomb kashmir to stop militants vhp pravin togadia 
72, akshay singh is the only of the singh says ayushmann,akshay aamir set standard for content based films khurrana 
73, cricket team to get its own cricket match,what are the new umpiring signals to send off cricketers 
74, nissan chairman arrested over reports of ex nissan chairman,did not intend to my income nissan ousted chairman 
75, diwali diwali was in last diwali diwali diwali diwali,what is trading on diwali 
76, tesla may buy tesla billion us firm for billion report,tesla looking to raise billion to fund its model 
77, mp govt to give schools to cbse class exam,sanskrit be made mp official language bjp minister 
78, nawazuddin was once asked to give me to play actor,nawazuddin siddiqui charged for his film manto 
79, people should not be allowed to do not believe in india chhattisgarh cm,india not dharamshala chhattisgarh cm raman singh on nrc 
80, ex aus pacer claims to be paid as an season for ipl,former aus pacer reveals spot fixing in bangladesh league 
81, india win their th odi series in years,target has been chased only once in odis yr history 
82, we are not going to be part of the us ranbir on his th,solid friend circle very important in my profession ranbir 
83, us to build nuclear test site in south korea,us conducts successful flight test of nuclear bombs 
84, us banks billion billion due to billion report,global cyber attack could cost up to billion report 
85, human cells to be used as human cells for human cells,farming cheese chewing changed human skull shape study 
86, metoo movement in india not good metoo metoo owaisi,support women who have been harassed malaika arora 
87, player who shot at with lakh shot dead for shot at,nba star to fund funeral of teen who shot self on instagram 
88, pm modi is not in andhra pradesh cm naidu,pm modi had asked tdp to join nda alliance andhra cm 
89, mumbai man arrested for crore bank fraud,man son arrested for duping mumbai bank of crore 
90, film on priyanka film on priyanka debut film reports,priyanka jim starrer kid like jake premieres at 
91, director fired for director who fired her tweets on twitter,disney fires guardians of the galaxy maker over old tweets on rape 
92, woman claims she was sexually assaulted by her in school,aditya suspended from college for bad behaviour says woman 
93, infosys ceo loses crore in value on shares fall,infosys loses crore in value as sikka resigns as ceo 
94, aamir khan starrer secret india china first film raises cr,secret superstar beats dangal st day collections in china 
95, startup makes ai that can make her own smartphone with light,android co founder startup unveils magnetic headphone jack 
96, microsoft ceo says microsoft is its microsoft ceo,microsoft is on the right side of history ceo satya nadella 
97, maha govt to give kids to hospital as kids died in maharashtra,children died in maharashtra in months 
98, who is the new governor of governor gst,shaktikanta das appointed as rbi governor for three years 
99, dating firm acquires india for its acquires its company,freshworks buys chennai based in th acquisition 
100, kohli is the best player in the world kapil dev,kohli must play county to become the best player kapil dev 
101, noida to get its own service,noida to survey population before approving projects 
102, mumbai couple gets lakh per wedding as gift,couple donates lakh on wedding gives plants to guests 
103, astronauts have star space station to be astronauts in space,space station astronauts watch star wars km from earth 
104, aadhaar not mandatory for mandatory for aadhaar,aadhaar not mandatory for mobile sim says government 
105, uk doctors to get baby from baby after cancer treatment,baby can be allowed to die against parents wishes uk judge 
106, kohli wishes anushka sharma on his th birthday of his year,kohli day post for anushka most loved instagram india 
107, lalu yadav calls for hospital in doctors in doctors,lalu yadav suffering from depression says medical report 
108, we do not have to do it to buy oil firm says patanjali,still interested in ruchi soya patanjali as adani wilmar backs out 
109, release date of sara ali khan film kedarnath released,sara sushant starrer kedarnath to release on november 
110, north korea orders us to north korea,kim st korean official to visit us in years 
111, scientists discover new asteroid from earth,study finds winking star may be feeding on wrecked planets 
112, bcci ceo accused of sexual harassment at bcci ceo,ex colleague accuses bcci ceo rahul johri of sexual harassment 
113, us firm accused of stealing user data on twitter,researcher finds flaw in world most secure email service 
114, rbi launches new notes to get money from rbi,rbi launches campaign against fraudsters promising money 
115, what is the most awards in the world,drake wins record billboard music awards 
116, hc asks up govt to remove new shops in up to shops,allahabad hc orders up govt to renew slaughterhouse licenses 
117, chinese man law to stop man from law for law man,man who asked why taiwan is not called country arrested by china 
118, we should not be allowed to india rss chief,india can unite only in the spirit of nationalism rss chief 
119, luru police uses people to stop game of thrones on tv show,luru police road safety campaign goes viral 
120, killed in suicide attack in kabul,suicide bomber kills in nigeria mosque attack 
121, infosys co founder denies his wife resigns from his home,sikka decided to quit as infosys ceo week ago reports 
122, shami shares video of daughter love her with daughter,mohammad shami sees daughter after months shares picture 
123, two arrested for stealing car from stealing food in gurugram,members of vehicle lifting gang arrested in ghaziabad 
124, maruti suzuki launches its own price for,maruti recalls its mini trucks over fuel pump issue in india 
125, dhawan dhawan dhawan hits the theatres,dhawan hits after getting dropped on as srh defeat rr 
126, year old man sets record for most in world record,year old breaks maradona football trick world record 
127, govt approves chief secy as head of national ias officer,sanjay kothari appointed secretary to president elect kovind 
128, nasa finds new zealand to be discovered in space,nasa explains how high energy particles enter the atmosphere 
129, up board issues notice to stop pollution worth,notices issued to noida housing over air pollution 
130, us accuses party of stealing leader from political party,hamas elects as new political chief 
131, music maker releases the most brand brand of the year,horror film it based on stephen king book hits theatres 
132, no plans to ban liquor ban in liquor ban minister,govt trying to find middle path on highway liquor sale ban 
133, cbi chief moves sc against cbi over probe against cbi chief,cbi officer moves sc against transfer to port blair 
134, mumbai family to get years for years,mumbai family plants saplings over years 
135, video shows how do the new club club,mma fighter knocks out his opponent while lying on the floor 
136, abhishek bachchan to visit temple in temple in temple,abhishek bachchan washes dishes during visit to golden temple 
137, woman gives birth in mumbai railway station to be child,woman gives birth on bridge at mumbai railway station 
138, bans sale of sale of liquor sale in days to be sold,cows sold online after ban on sale of cattle for slaughter 
139, farmer money to be sold for money in kerala,maharashtra farmer gets for kg onions sends money to cm 
140, dept worth cr seized from house in bihar,seizes lalu prasad family benami asset worth cr 
141, sc to hear plea on rape cases against shelter home in bihar,sc orders demolition of bihar shelter home where minors were raped 
142, bihar police arrest accused of molesting people,woman paraded naked over suspicion of killing boy in bihar 
143, pm modi to give students for the first time to students,cover of pm modi book on tackling exam stress released 
144, team india to join congress as andhra chairman reports,azharuddin appointed working president of telangana congress 
145, anupam kher releases his th film as he was the hits the theatres,anupam kher the accidental prime minister hits theatres 
146, sonakshi yadav sets record for most sings for longest ever,woman holds record for spinning basketball on guitar 
147, woman claims she was pregnant woman in tn blood,friends do not stand near me man whose wife got hiv via transfusion 
148, indian origin man wins record for space for the first time,indian origin scientist led nasa project now with hyperloop 
149, car runs into road after being caught drunk car in china,canada police arrest naked people over bizarre car crash 
150, my life is not in katrina to make life karan on katrina,took relationship advice from katrina kaif says karan johar 
151, federer was the first time to be time federer federer,federer clarifies retirement joke after us open st rd win 
152, eu foreign secy told me to make me in brexit foreign secy,uk pm may hints at sacking foreign secretary johnson 
153, ex sena leader hardik patel to be resigns from leader,opposition organises save constitution rally in mumbai 
154, pm modi mps to take part of parliament to remain on parliament pm,stay night in villages with sc st majority pm to bjp mps 
155, was not the st film on film industry says she was told her,rejected my st wood film because of nude scene pen 
156, aamir khan becomes highest ever highest ever ever,dangal becomes highest grossing non hollywood film in china 
157, un chief urges us to become allow air india to its body,un environment chief criticised for frequent flying 
158, what is the features of the air india,hotstar cancels aib show over sexual misconduct row 
159, star janhvi to play st woman pilot pilot biopic reports,dulquer to star with janhvi in iaf pilot biopic reports 
160, uk announces song sexual abuse of sexual harassment,lady gaga to take down song with sexual abuse accused singer 
161, jailed for yrs to be jailed for cr for months,rajpal yadav sentenced to jail for failing to repay crore loan 
162, aamir khan is an actor but he is not an actor actress,aamir khan uncle hussain only man ever loved asha 
163, world no fan who asked to stop fan from to win,ex world champion trolls indian fan who asked for chess tips 
164, london protests against london over brexit deal,protesters march in london demanding exit from brexit 
165, us nuclear deal will not be allowed to us world bank to us,not up to any single country to iran nuclear deal eu 
166, baahubali film to be held on hold in protest film,the accidental halted in ludhiana mall amid protests 
167, actress files fir against car for taking car with son in car,sarabhai vs sarabhai actress yr old son attacked by bikers 
168, federer shares video of his song from his own music video,federer releases music video with 
169, sri lanka arrested for smuggling gold worth lakh,sri lankan hides gold biscuits in stomach rectum held 
170, suspended suspended after meghalaya mlas suspended,opp members suspended from raj assembly for year 
171, we re not part of india biggest film on cbfc chief selector,absolutely illogical emraan on cheat india title change 
172, air traffic spent crore on gst every year,india witnesses record crore domestic flyers in month 
173, saudi arabia becomes st indian to become world st robot,saudi arabia becomes st nation to give citizenship to robot 
174, we re going to run on gst says rahul gandhi,pm always plays on rahul uses cricket analogy in rally 
175, govt to launch new notes to promote gst,what is lending that the rbi plans to regulate 
176, sonam shares pic with ranbir on his th birthday,sonam shares pic from janhvi st birthday celebrations 
177, hackers hacked to hackers in facebook post on twitter,group claims to carry out biggest hack in youtube history 
178, maldives prez approves approves crore in days,maldives extends state of emergency by days 
179, us files patent for bn that can be banned in russia,qualcomm posts bonds to stop iphone sales in germany 
180, delhi hc allows delhi to remain st time in years,prohibitory orders in over delhi for st time in yrs 
181, tn is not emergency or protest indian banks rajinikanth,life struggle as tn people protest for rights rajini 
182, army chief calls for army chief to be used in kashmir,no shortage of weapons army chief general bipin rawat 
183, man shot at up after being shot at in up,man shot dead trying to protect sisters from goons in up 
184, india th largest case of general assembly elections,india nominee dalveer bhandari re elected as icj judge 
185, chinese china bans days of china from china,chinese province runs on for days 
186, cow cow slaughter in law in law on cow slaughter issues,shia board issues fatwa against cow slaughter beef eating 
187, man found hanging from flight after flight was finds over,unclaimed bag found on air india flight prompts scare 
188, ex google head to raise mn for first time in fund,ex google china head venture firm to raise million 
189, police officer who accused rape cases against rahim,cop probing asaram rape case got threat letters calls 
190, couple who asked to sex with gay sex marriage,pore couple challenge marriage annulment over sex change 
191, mumbai police uses tweet on google for not wearing tweet,mumbai police tweets about importance of wearing helmets 
192, india russia sign missile deal with russia reports,india to buy missile system from russia despite us sanctions 
193, pak news singer singer singer singer ed passes away at the age of,pakistani news channel calls ed sheeran british pop queen 
194, chhattisgarh police use water to save chhattisgarh banks,officials wade through water to hoist tricolour in bastar 
195, prez kovind becomes st president to visit his career,president ram nath kovind presents colours to ladakh scouts 
196, st women train crew crew to be crew st time,all woman crew to operate deccan queen express today 
197, kerala cm announces lakh for flood hit kerala,rescue operations completed in flood hit kerala cm vijayan 
198, india women beat women in the world cup,harmanpreet helps india begin women world with win 
199, australian team develops black hole for astronomers,rare white snake found in australia 
200, death toll in california rises to,japanese blogger killed after giving speech on online trolls 
201, sridevi to star in sridevi biopic report,rakul preet to play sridevi in ntr biopic reports 
202, pm modi launches india first ever startups,pm modi launches india portugal international startup hub 
203, will bharat if bharat bandh will not pay to bharat stalin,dmk to take part in bharat bandh called by cong on sept 
204, man caught with fake bank of luru to get into bank,cops foil atm robbery in bengaluru arrest culprit 
205, we are not in wb cm mamata on wb cm mamata for his day,no possibility of mamata becoming pm west bengal bjp chief 
206, don want to be like my life in films kajol on srk,sounds like bullying kajol on suhana paparazzi incident 
207, pm modi inaugurates projects worth crore in gujarat,pm modi inaugurates projects worth over cr in varanasi 
208, my life is not my life nawazuddin on film on her life,nawazuddin reveals he was two timing co star niharika singh 
209, dera dera dera dera dera dera rahim found dead,over skeletons buried inside dera hq ram rahim aide 
210, bmc to shut down of cow after protest against bjp workers,buffalo meat wrongly printed as beef in mumbai civic body ad 
211, musk car catches fire after musk hits his car in tesla,fire breaks out at musk tesla factory in california 
212, am not like my song in song singer from singer singer,it not like singing belongs to singers only ar rahman 
213, govt to give up medical service to study,artworks to hospitals for bhopal gas tragedy victims 
214, man utd record for most utd in th season,man city post win to break three premier league records 
215, sa player who has hit with two two one day south africa,abd almost fell flat on his face before fastest odi ton steyn 
216, no one can be in parliament if it is in parliament parliament,nda mps to not take days pay over parliament disruptions 
217, facebook india head fired over crore fraud,italian firm fires india head after cr robbed online report 
218, cop suspended after man murder of temple in haryana,cop suspended for dragging old man out of temple by collar 
219, ec to probe ec against ec over no trust motion against nda,ec demands jawans for anantnag by polls 
220, anti sikh anti sikh riots as man made sex in anti,anti lgbt us lawmaker caught having sex with man in office 
221, nobel prize was the last nobel for nobel prize winner,hitler was once nominated for nobel peace prize as joke 
222, no liquor ban on sale for sc liquor ban sc,drivers should not be drunk in fast traffic sc on liquor ban 
223, us bans use of its own chemical attack in syria,banned gas used in recent chemical attack in syria un 
224, us women military military ban trump military military,us transgender troops sue trump over military ban 
225, bengaluru startup invests in uber to raise funds,ex amazon employees logistics tracking startup raises mn 
226, chinese man caught with chinese man from china,video man holds umbrella while driving porsche in rain 
227, man arrested for bomb bomb at school bus in us,man admits to making hoax bomb call for blue whale game 
228, rajasthan startup lets users be lets users be lets users,rajasthan based startup lets users code on mobile 
229, over cases cases against firms in law,timely resolution by nclt can free up cr report 
230, video shows virat kohli new zealand can be released,virat reveals secrets behind his puma one sneakers in bts video 
231, microsoft head head to be part of the next day,microsoft windows head to leave after years 
232, am not going to be called trump melania melania melania,more important things to do melania on trump alleged affairs 
233, inmates jailed for raping indian inmates in prison,inmates use peanut butter to escape us jail 
234, softbank may invest mn in paytm reports,paytm mall raises million from softbank alibaba 
235, india pak to give pakistan to terror attacks in pak,pakistan accuses india of planning terror attacks on cpec 
236, man who asked to rape accused in rape case,nuns who stood against rape accused bishop asked to leave convent 
237, jaitley files defamation case against kejriwal kejriwal,kejriwal lawyer calls jaitley he files rd suit 
238, rescued rescued after rescued from tn rescued,elephants rescued from foot deep well in hrs in tn 
239, guv takes dig at bjp mla over mla pic from guv,governor satya pal malik hamara hai bjp mla 
240, congress has no longer in the rafale deal amit shah,congress desperate to wear mask of coalition amit shah 
241, chhattisgarh government to build its own school,chhattisgarh madrasas to offer formal education from 
242, woman refuses to free free gurugram free gurugram,man assaults woman toll staffer for refusing free passage 
243, magazine cover for baby in case of child magazine,want to thank complainant model on magazine cover verdict 
244, delhi to be auctioned for delhi,high speed rail corridor may connect delhi meerut in mins 
245, jharkhand cm approves plan to remove children from,slum dwellers lured with samosas to convert to christianity 
246, west bengal staff to be held for not wearing run out,corrupt approach reported in league in uae 
247, delhi airport to launch first ever flights in years,delhi airport to get bigger and new runway by 
248, pm modi is not the only know of his mother rahul gandhi,rahul calls pm interviewer she says cheap shot 
249, ex kashmir chief shares video of his soldiers,omar shares video of man tied to front of army jeep in 
250, srk daughter salman khan film is the johar of the sushant,srk suhana iulia attend tubelight screening 
251, isis claims it was killed in pakistan in pakistan,isis claims killing chinese couple abducted in pakistan 
252, if you do not know what do priyanka priyanka on debut,was told in west am too indian for main role priyanka 
253, govt to set up governor to set up public on jan,justice clocks to be installed at all high courts 
254, am not going to be part of the year kangana on kangana,difficult to remain headstrong in bollywood kangana ranaut 
255, rahul gandhi calls pm modi govt for years,rahul gandhi shares report card of years of nda government 
256, trailer of nawazuddin film on rape not out released,trailer of raveena tandon maatr released 
257, we re not world leaders to be world no trust motion,un losing support from countries outgoing political chief 
258, harry harry meghan was the highest paid in the world,jk rowling named europe highest paid celebrity of 
259, us buys crore for selling selling liquor in india,bengaluru home sells for cr highest ever in south india 
260, pm modi will be in yrs if we re in india pm modi,clarity replaced anarchy in governance in years pm modi 
261, priyanka priyanka gandhi party joins priyanka gandhi,priyanka gandhi enters active politics made cong up east incharge 
262, driver driver hits car in train driver arrested for train,driver faints and falls out of moving train in west bengal 
263, nasa finds new zealand has the discovered in the moon,nasa captures fast supernova that lasts only for few days 
264, news of sidhu on sidhu defamation case on twitter,zee news sends crore defamation notice to navjot singh sidhu 
265, woman claims she was fake metoo victim metoo claim,was falsely accused by woman once ex assam cm on metoo 
266, militants who used militants in kashmir report,nigeria starts secret trials for boko haram suspects 
267, bjp workers attend cow event in bjp leader,bjp activists clean venue with cow urine after beef served 
268, rajasthan men get back on road for govt store over rti,men file rti query on development work get used condoms in reply 
269, scientists find most sun on sun for years,sun would die in billion years study on red giant reveals 
270, london london name name after people name,uk zoo offers people to name cockroach after their ex on valentine 
271, saudi arabia to kill isis life in afghanistan,saudi channel to air show on life under islamic state 
272, gurugram police officer house in gurugram,policeman kidnapped for opposing man abusing in front of his house 
273, sex is not sex with sex and rape cases aus to be sex,most rape is just bad sex australian author 
274, gst is the only of the gst says tn cm tn cm,tn proposes revenue from indirect taxes be given to states 
275, delhi to give class students to students from class,delhi to workshops for class students parents 
276, we are not going to do with ranbir on katrina being life,need katrina in my life she is positive influence ranbir 
277, govt to give cr to file for months over rti,government collects over crore from ngos as penalties 
278, ed raids ex ed led firm in fy probe scam,ed chargesheets naveen jindal others in coal scam case 
279, south africa player suspended over his th win,jockey suspended for punching horse in the ribs before race 
280, indian man shot dead for shooting at us shooting house,indian americans raise lakh for kansas shooting hero 
281, un chief urges un to be the first time in us,united nations was established today years ago 
282, pm modi is india to be pm modi taka cm on rafale scam,won be surprised if pm modi escapes from india taka cm 
283, pregnant woman jumps off after being hit by odisha govt,pregnant woman crosses river on kins back to reach hospital 
284, chinese students to be statue of statue of tribute,chinese students pay tribute to gandhiji in beijing 
285, new tesla chairman appoints new ceo of his head,who is tesla new chairman robyn 
286, first ever train to be given into the first ever,branson virgin first cruise ship for adults only 
287, samsung co founder resigns after days in days,new windows laptops may offer multi day battery life 
288, pic shows aishwarya from his th birthday in mumbai,old pictures of aishwarya from miss world days shared online 
289, restaurant owner shut down after strike in up,meat egg fish sellers begin strike in lucknow 
290, csk player hits ball that hits out with ball in ipl,mandeep jumps to save ball from going for four with one hand 
291, ex china head jailed for yrs in prison for killing,china ex deputy intel chief jailed for life over corruption 
292, india world no beats world no to reach french open,world no india beats eighth ranked thiem 
293, twinkle shares pic with twinkle dad on her th birthday,twinkle shares pic of father rajesh on th death anniversary 
294, isis media taj mahal taj mahal claims us media,pro islamic state group warns of attack on taj mahal 
295, justice judge to be judge on judge judge for st time,what are some highlights of to be cji justice gogoi career 
296, muslims will not be in kashmir if it is not hindu cm yogi,hindus sikhs were safe in kashmir till hindu king rule up cm 
297, fastest ever score in history fastest to score ton,russell takes hat trick slams in ball in 
298, priyanka slams twitter over not being part of the first time,priyanka slammed for calling sikkim troubled by insurgency 
299, women can be triple talaq to muslim women minister,triple talaq victims to get interim pension in assam 
300, woman falls from car while taking selfie with her over fire,woman nose found to be brain fluid leak 
301, russia to be st space in its own space probe in russia,will not deploy space weapons first russia 
302, how did the new asteroid are the last months of,meteor shower of halley comet seen during weekend 
303, we do not make bank banks change to make it gadkari,attempts being made to make banking crisis worse gadkari 
304, sl batsman once took odi to odi after year odi,sl perera slams sixes scores breaks yr old record 
305, youtube videos video videos videos of videos,youtube pulls hundreds of videos over homework cheating ads 
306, world most expensive time is time for time study,quantum theory claims future might be influencing the past 
307, srk and do not want to do films like my film says self driving,srk type acting krk on jab harry met sejal poster 
308, flight hits off on flight over runway,southwest aircraft hit by pickup truck on airport runway 
309, canada to be part of the year old war,canada named destination of the year by travel 
310, pm modi says he is not going to be time rahul gandhi,working because you don have time rahul to pm modi 
311, india will be in next years pai on india st launch,india to have lakh startups in years mohandas pai 
312, crypto firm seeks to be made from delhi banks,another firm moves delhi hc against rbi order on crypto 
313, women run down by bridge in delhi to be closed,dcw issues summons to brothels in delhi gb road 
314, delhi airport to pay tax on gst free tax free tax on gst,int flyers to pay gst at delhi airport duty free shops 
315, govt appoints chief secy of most appointed state of india,mehta named general of india till june 
316, telangana schools to get free colleges as colleges,telugu to be compulsory in telangana schools from next year 
317, happy that sachin is the best cricketer to sachin on pic with sachin,vinod kambli shares old picture with sachin tendulkar 
318, kerala hc has been given life ban on sc st kerala hc,worst decision ever sreesanth after restoration of life ban 
319, maradona to make his debut as captain for india next match,maradona to play charity match against ganguly in sept 
320, how much will the new sale of the year,myntra reveals prices for its of reason sale 
321, website to stop users from phone show on phone,website sends tv show spoilers to enemies of its users 
322, man accused of raping class sc arrested in class,army man accused in gangrape of cbse topper arrested after days 
323, russia will be good good to the good in india us prez trump,us should and will get along with russia donald trump 
324, woman gangraped by cow in cow after months,mentally challenged woman lynched over child lifting rumours 
325, bill gates buys startup for stealing drug cars,cryptocurrencies super risky caused deaths directly gates 
326, taka govt bans plastic ban on plastic plastic ban,taka tech colleges to have complete plastic ban on campus 
327, good good is not good but good is good for people ceo,if did not have no idea how would survive nooyi 
328, anushka to star in salman khan film reports,anushka kat will not have scenes together in next film report 
329, priyanka nick wedding party to be put on wedding report,priyanka nick pre wedding party stopped by police report 
330, harbhajan posts brother of his brother in his match,irfan throws bat at non striker to celebrate yusuf ton 
331, apple ceo says he is not driving cars to be made,don believe hype about self driving cars ipod co creator 
332, air india launches its own flights to curb trains,air india flights delayed due to software malfunction 
333, sl batsman suspended for giving back to cut banned,malinga gets suspended one year ban for calling min monkey 
334, student beaten to death for stealing from wearing beaten,law student beaten to death in allahabad after argument 
335, indian navy not navy has not navy navy navy chief,china movement in indian ocean causing concern navy chief 
336, samsung files patent for android like device,samsung patents flying screen that can be controlled by eyes 
337, never thought about my wife is not player aus captain,it just innings come on hussey defends champion dhoni 
338, year old dies of year old girl in days in us,punjab youth dies two days after reaching canada for studies 
339, bihar hospital fined for not students for st time in months,women medical students fined for ragging junior 
340, first awards was awarded years ago,first ever oscar ceremony was held years ago today 
341, korea korea urges us to stop war against war,korea agrees with un that it is important to prevent war 
342, don know if it is mcdonald or us stock wrong on mcdonald,no brand wants strong partner vikram bakshi on mcdonald 
343, govt to replace tax with firms from foreign firms,dept mca to share companies pan audit reports 
344, cbi has no chidambaram in tweet on chidambaram cbi swamy,probe sonia letter seeking shielding of tehelka swamy 
345, pay for tax on the offer of fake aadhaar scheme to pay crore,smirnoff owner to pay crore in google tax crackdown 
346, gst rate on gst rates under gst rates,gst on chocolates chewing reduced to 
347, scientists discover new develops solar cells,astronomers identify farthest known object in solar system 
348, karnataka cm announces highest ever records of,karnataka records its highest ever voter turnout at 
349, video shows how mp dance to be charged with rss,viral dancing uncle made govt body brand ambassador 
350, infosys ceo quits infosys after being hacked by infosys,ex infosys ceo vishal sikka was aware of data theft us firm 
351, railways to raise cr to trains by march,railways to put up cctvs at stations using nirbhaya fund 
352, my wife has not been the music for the film pak singer,wanted to be known for more than pretty face singer 
353, punjab student who was neet for st time since jan,punjab navdeep singh tops neet exam 
354, pak team india to play ipl team as team coach,pak no team as they do not play ipl younis 
355, saudi arabia to start invest in music festival,saudi arabia recognises yoga as sports activity 
356, air force kills self after attack on militants in,egypt forces kill militants in retaliation of mosque attack 
357, we are not china army chief on china foreign army,indian army chief comments china 
358, never never had never been denies us over russia prez trump,have never worked for russia says us president trump 
359, dhoni is not ms dhoni when he is not ms dhoni sachin,leave the decision of ms dhoni retirement to him sachin 
360, no one can be part of the film saif on film with no in,magical place where films come out with no cuts saif 
361, sa pacer takes catch catch while taking catch,sa spinner taunts crowd celebrates after taking catch off no ball 
362, no taka cm to be polls karnataka cm on polls,least bothered who will contest against me siddaramaiah 
363, pak actress slams pak over election for election,mahira slammed for missing pak elections apologises online 
364, bjp chief calls for death for rss leader on kerala mumbai,kerala bjp chief gets letter threatening rajiv gandhi like killing 
365, cong seeks to ec for ec poll results to be voters,congress demands withdrawal of pink ballot papers in gana 
366, akshay kumar denies award for national award award,failed in school today have national award akshay 
367, chinese uber raises mn from building others,chinese ride hailing giant didi chuxing raises million 
368, india japan sign japan sign japan for japanese pm modi,postal service to order food from japan to india announced 
369, salman named india highest paid list of cr,salman earned crore more than priyanka in 
370, yr old girl raped by year old girl in up,teen rapes minor in front of sister his parents beat victim 
371, pandya hardik pandya will be in india and hardik bharat,the less pandya bowls the better indian bowling coach 
372, flight claims south africa flight goes viral,airbnb host pushes black woman down stairs for late checkout 
373, india afghanistan afghanistan afghan india us,india most reliable regional partner of afghanistan us 
374, yr old indian women team hits the odi,yr old player concedes runs the most ever in an odi 
375, world largest unveils st ever ever unveils us,new natural coloured ruby chocolate developed 
376, us hc orders illegal attack on hc to,toxic emissions by industries worse than genocide delhi hc 
377, bodies of bodies of bodies found in women in bodies,mass graves containing bodies of civilians found in iraq 
378, air india flight passengers to be held on flight for hrs,air india passengers wait for hrs in flight after tech snag 
379, apple loses billion in value in its th quarter,apple becomes first company to touch billion market cap 
380, my house is not in war with us on bigg boss contestant,fortunate to have had this opportunity karanvir on bigg boss 
381, us court orders mn to buy russian billionaire from space,russian billionaire to lose mn yacht in divorce case 
382, pm vajpayee may be the dead vajpayee vajpayee vajpayee,saddened by demise of great rajinikanth on vajpayee 
383, gst rate on the price of the year old gst,gst rate of on gold is low economic survey 
384, bjp govt to give pm modi election if it is in tripura,will fight general elections under pm modi bjp cms 
385, we are not going to do not work with us jack ma,policy to deal with government is to fall in love jack ma 
386, cbi court to probe firms of pnb scam accused in pnb scam case,court allows ed to question those arrested in pnb fraud case 
387, spacex launches its first ever us rocket,new zealand first satellite to be visible to the naked eye 
388, maharashtra woman cop arrested for illegal illegal,pune woman accuses ats officer of thrashing molesting her 
389, let terrorist attack on terrorist let it let it back,lashkar taiba behind amarnath yatra attack kashmir police 
390, bieber india bieber was named after his own party report,justin bieber escorted by salman khan bodyguard at airport 
391, company sues delhi for not brand of brand name,starbucks sues chain to be renamed sardarji 
392, north korea test rocket us launch its th day of,north korea announces new birth of rocket industry 
393, luru man claims uber drivers with uber drivers in delhi,man claims uber drivers beat him over seat belt in luru 
394, days of you are not the day french minister on trade war,few days left to avoid trade war between us and eu france 
395, my kids have been the age of child sanjay dutt,missed watching my kids grow up due to jail term sanjay 
396, zomato raises million at billion valuation,zomato raises million from alibaba payment affiliate 
397, serena williams named highest paid female for the year,serena williams named highest paid female athlete of 
398, don know if you know why you do not know why do it bjp,naresh agrawal apologises for remarks against jaya bachchan 
399, aap aap leader booked for stealing aap man,man steals campaign material from aap office caught on cctv 
400, delhi to be declared as delhi chairman,nearly buildings in delhi unsafe union minister 
401, up bans kids from wearing schools in schools,mobiles banned in lucknow schools to tackle blue whale game 
402, am not going to do my job in my age dhoni on his death,age is just number fitness matters dhoni after ipl title 
403, trump calls us prez trump over his first us president,trump acts on his instincts former us state secy 
404, club club to pay over crore for new year,barcelona generated record crore income in 
405, rupee hits record low of against us dollar,rupee closes at record low of against us dollar 
406, women in launch of women in national party party to delhi,all woman political party launched in delhi 
407, mumbai civic body body found in civic body,mumbai civic body demolishes illegal stalls 
408, two people who lost the same while taking one in us,people stranded for three hours mid air on roller coaster 
409, saudi arabia issues muslims to be allowed to kill people,saudi cleric issues fatwa letting muslims pray in churches 
410, govt asks states to use anti drug cases to be allowed,mp to crackdown on use of ambulances for transporting drugs 
411, us imposes sanctions on venezuela over venezuela deal,us sanctions ex venezuelan president brother 
412, ronaldo shares video of his career with his own club,ronaldo cries after being sent off for st time in cl matches 
413, fashion show married to make married in mumbai fashion show,kiara advani turns showstopper for manish malhotra 
414, man claims he was not killed man of the death of son,delhi honour killing victim father seeks death for accused 
415, ed raids ex ias officer son in cr scam case,delhi premises of retired ias officer raided in bribery case 
416, flipkart biggest bn deal with bn deal with bn deal,wipro wins its biggest ever contract of bn from us 
417, trump declares his own military amid korea war,trump explains us position on thaad to china 
418, bjp govt party will not be part of seats amit shah,bjp will form govt in gujarat with over seats amit shah 
419, firm offers to pay for hospital over missing doctor,delhi doctor who fell ill due to in coke gets 
420, video shows how one one can the one video of the us,virgin hyperloop one may allow riders to see through tubes 
421, us saudi arabia allows bn to have bn house,us nears billion arms deal with saudi arabia 
422, uk university pays tribute to indian who died at the world,man spends on billboards asking kanye west to hire him 
423, us app sues trump over staff for taking over as govt app,chat app sued on false claims of protection from screenshots 
424, we re not rahul to rahul on taka polls for taka polls,yes why not rahul on becoming pm if congress wins in 
425, ex mumbai man arrested for stealing cr from fraud,ex employee uses rti to extort crore from firm arrested 
426, indian scientists develop ai to help people who died,iim develops matrimonial website for people with hiv 
427, we ll be part of the own hope world largest web series,why do nasty ideas spread more on twitter asks web creator 
428, death toll in assam floods rises to,poachers kill another rhino in assam national park 
429, apple launches smart speaker that can detect it,apple launches wireless homepod smart speaker 
430, saudi arabia to give social media to social media,saudis urged to report on each other social media activity 
431, pay for all time high on bangladesh border,how are india fuel prices compared to its neighbours 
432, tv actor slams pic with her photo from her th photo on instagram,shabana azmi shares picture from old photo shoot 
433, yr old man wins race in world race on sets of,year old indian athlete wins gold in at world masters 
434, us security north korea has been its own us prez,un has run out of options on korea us 
435, cash cash cash cash cash cash cash cash cash cash cash,up shopkeepers perform aarti outside atm amid cash crunch 
436, traffic traffic people hacked to be hacked,hacked road traffic sign in us displays trump has herpes 
437, pandya suspended over rahul suspended for women team india,suspension on pandya kl rahul lifted with immediate effect by coa 
438, india will be in next months if it does not want to sell india,launching evs in india not viable business case mercedes 
439, mit team develops robot that can detect human cells,mit develops self powered robots the size of human egg cells 
440, priyanka chopra to star in film on priyanka sets,priyanka shoots for rd wood film with modern family actor 
441, miss you miss you miss miss miss miss miss miss miss miss miss miss,miss usa apologises for mocking non english speaking contestants 
442, want to be back to do not know what am doing to do it,get immediate anxiety whenever go on instagram hailey 
443, delhi to get new scheme for uttar pradesh,delhi govt to install cctvs in jails at cost of crore 
444, year old girl statue of world statue at statue of statue,who is the yr old sculptor behind world tallest statue 
445, shahid kapoor shraddha to star in shahid batti batti meter meter,becomes most viewed hindi song on youtube in hrs 
446, pic of big film on awards for awards,christian bale lady gaga win at th golden globe awards 
447, england captain kohli best captain to lead world best bowler,kohli the worst reviewer in the world ex england captain vaughan 
448, indian american to stop aadhaar card from june,indian it workers in us protest over green card backlog 
449, police arrest in london on terror attacks on terror attacks,uk police make arrests after london bridge attacks 
450, govt to launch car that cars cars from to be launched,increase speed limit on expressways highways govt panel 
451, alia bhatt is the alia bhatt on alia bhatt starrer alia,couldn have made raazi without alia meghna gulzar 
452, patanjali to launch its own service in india,patanjali may partner with amazon flipkart for sales push 
453, year old boy who got world own ship with miss world,yr old designs chosen as for world championship 
454, delhi metro recalls over people on camera,monkey takes ride in delhi metro video goes viral 
455, twitter reacts to actor who called his own user,twitter users compare kate joining avatar to titanic scenes 
456, harbhajan calls me wrong after being used for remark,stop stupid quotes to me harbhajan over fake statement 
457, yr old commits suicide after being caught in suicide,college student commits suicide in ghaziabad hostel 
458, govt should be water water for water prez prez kovind,of rural houses to get piped water by prez kovind 
459, maha govt announces lakh for bus accident victims,maha to give ex gratia of to kin of bus accident victims 
460, pregnant woman gangraped by men in west bengal,pregnant woman gangraped by men at her home 
461, russian police found dead in one day,woman kept relatives mummified bodies at home for years 
462, preity zinta slams husband for marriage with her name,one good enough preity on adding husband initial to name 
463, hotel in talks to raise billion in bn valuation,oyo valuation now more than combined value of taj oberoi hotels 
464, rajinikanth attack on fire tamil nadu cm on rajinikanth,anti social elements infiltrated sterlite stir rajinikanth 
465, indian origin woman becomes nd most valuable player in india,rd indian woman cricketer to sign for big bash league 
466, gambhir is gambhir from gambhir says he is not gambhir,gambhir angry with me even today selector who dropped him 
467, woman in china to get medical help for years,year old chinese woman graduates from university 
468, delhi police to use ai to stop using customers report,delhi police to train informers to use spy cameras 
469, gst rate on the year gst revenue by tax,only goods left in gst slab from at launch 
470, katrina first film to star with katrina in st wood instagram,katrina st bollywood star in mario testino towel series 
471, trump takes dig at trump office with his run,tajikistan prez greets trump with seconds long handshake 
472, video shows pm house car with his own car to be up in car,guards open both doors of car user tweets no mrs modi 
473, footballer who helped out of world cup on twitter,player followers surpass his nation population in days 
474, activist who convicted arrest of sc st act against bail,businessman lands in jail as policemen word warrant 
475, pm modi raj kerala kerala to give crore to kerala cm,cr for statue but cr for kerala flood actor raj to pm 
476, govt to give lakh to people for lakh people,govt to write off taxes of lakh people who owe up to 
477, people should not be allowed to wear slams airport kareena,we should dress like human beings kareena on airport looks 
478, we re in polls will be in next polls ec chief,koi chance nahi cec on simultaneous lok sabha assembly polls 
479, android co founder startup offers phone with phone,android co founder essential cuts phone price to 
480, us google war on world war since google war,google searches for world war hit record high 
481, study reveals how can use cancer how can be why do not change,mammals on average take seconds to poop study 
482, startup to launch electric electric car in us,startup unveils plan for seater electric passenger plane 
483, st ever wc win in fifa wc final by years ago,senegal st team in wc history to exit over fair play points 
484, fir against army officer who killed himself,fir filed against army over civilians death in 
485, alibaba to play apps in apps with data on data breach,alibaba uc browser app removed from google play store 
486, life term in mp jail for raping minor and rape cases,all accused get life imprisonment in bhopal gangrape case 
487, food startup to launch us led by million,delivery hero announces plan for germany biggest ipo 
488, no one of the action against amit govt on sc verdict,ngt notice to centre on bjp prez amit shah bike rally 
489, over dead in london and shooting by us,in pictures hurricane harvey strikes texas us 
490, black hole in black history to be cr in next years,black panther earns crore in opening weekend worldwide 
491, rajiv kumar appointed as india chairman chairman,who is rajiv kumar new vice chairman of niti aayog 
492, aus cricketer who died heart attack on twitter,aus nurse alone at clinic treats self for heart attack 
493, up up cm yogi to be named as prez president of ram,prez clears naming mughal sarai station to deen dayal upadhyaya 
494, rohit sharma becomes most odi hits in odis,rohit overtakes sachin to record most scores in odi cricket 
495, crore people who are the largest human rights,crore painkillers shipped to town of people in yrs 
496, job to get job in job to get job in india to,great learnings pgp babi rated on curriculum by aim 
497, govt to allow public use of public toilets to public,tax officers cannot visit trader premises without permission 
498, what are the major plans to raise billion,vedanta chairman to set up bn fund for startups 
499, venezuela prez protest in protest over security issue,venezuelan women protesters face security forces with roses 
